change_type,year,event_pixels,area_ha,mean_magnitude,median_duration_years,mean_rate_per_year,mean_dsnr,mean_pre_nbr,mean_post_nbr
disturbance,1998,255,22.95,0.2800000011920929,2.0,0.14000000059604645,4.199999809265137,0.7200000286102295,0.4399999976158142
disturbance,2009,396,35.64,0.2199999988079071,1.0,0.2199999988079071,3.0999999046325684,0.6600000262260437,0.4399999976158142
disturbance,2019,242,21.779999999999998,0.18000000715255737,3.0,0.05999999865889549,2.5,0.6100000143051147,0.4300000071525574
