change_type,year,event_pixels,area_ha,mean_magnitude,median_duration_years,mean_rate_per_year,mean_dsnr,mean_pre_nbr,mean_post_nbr
recovery,2002,143,12.87,0.23999999463558197,6.0,0.03999999910593033,3.299999952316284,0.4000000059604645,0.6399999856948853
recovery,2012,252,22.68,0.20000000298023224,5.0,0.03999999910593033,2.799999952316284,0.4300000071525574,0.6299999952316284
recovery,2022,162,14.58,0.12999999523162842,3.0,0.04333333298563957,2.200000047683716,0.46000000834465027,0.5899999737739563
